{
  "answers": {
    "phase":
      "deployment",
    "action":
      "deployment",
    "scope":
      "deployment scripts",
    "action experience": 1,
    "target":
      "yaml/json",
    "aimodel":
      "chatgpt 4o",
    "tool option": "online free",
    "experience with tool":  5,
    "time allocated (h)": "0.5",
    "time saved estimate (h)": "1",
    "quality of ai help":  5,
    "knowledge acquired":  4,
    "generic feeling - now": 3,
    "generic feeling - future": 4,
    "threat level": 0,
    "notes": "dockerizing mono db"
  }
}
