{
  "answers": {
    "phase": "coding",
    "action": "code management",
    "scope": "frontend",
    "action experience": 0,
    "target": "js / node",
    "aimodel": "deepseek R1",
    "tool option": "open source",
    "experience with tool": 5,
    "time allocated (h)": "1",
    "time saved estimate (h)": "1",
    "quality of ai help": 4,
    "knowledge acquired": 5,
    "generic feeling - now": 3,
    "generic feeling - future": 4,
    "threat level": 0,
    "notes": "helped me understand cookies and others.fully useful"
  }
}