{
  "answers": {
    "phase": "coding",
    "action": "code management",
    "scope": "code management actions",
    "notes": "Used conditional docker check to avoid script failure on startup.",
    "target": "java",
    "aimodel": "chatgpt 4o",
    "tool option": "online free",
    "experience with tool": 4,
    "time allocated (h)": "0.25",
    "time saved estimate (h)": "0.5",
    "quality of ai help": 4,
    "knowledge acquired": 4,
    "generic feeling - now": 4,
    "generic feeling - future": 4,
    "threat level": 0,
    "action experience": 4
  }
}
