{
  "answers": {
    "phase": "architecture",
    "action": "architectural decision",
    "scope": "uml component",
    "action experience": 2,
    "target": "multi-tier",
    "aimodel": "chatgpt o1",
    "tool option": "online free",
    "experience with tool": 3,
    "time allocated (h)": "0.5",
    "time saved estimate (h)": "1.5",
    "quality of ai help": 4,
    "knowledge acquired": 4,
    "generic feeling - now": 3,
    "generic feeling - future": 4,
    "threat level": 1,
    "notes": "Confirmed suitability of MongoDB for breakdown and per-question scores."
  }
}
