{
  "answers": {
    "phase": "coding",
    "action": "code management",
    "scope": "api",
    "action experience": 4,
    "target": "js / node",
    "aimodel": "chatgpt 4o",
    "tool option": "online free",
    "experience with tool": 5,
    "time allocated (h)": "1",
    "time saved estimate (h)": "2",
    "quality of ai help": 4,
    "knowledge acquired": 4,
    "generic feeling - now": 3,
    "generic feeling - future": 4,
    "threat level": 2,
    "notes": "creating fetch commands for the frontend"
  }
}