{
  "answers": {
    "phase":
      "coding",
    "action":
      "code management",
    "scope":
      "api",
    "action experience": 4,
    "target":
      "js / node",
    "aimodel":
      "chatgpt 4o",
    "tool option": "online free",
    "experience with tool": 5,
    "time allocated (h)": "0.5",
    "time saved estimate (h)": "0.5",
    "quality of ai help":  4,
    "knowledge acquired": 1,
    "generic feeling - now":  3,
    "generic feeling - future":  4,
    "threat level": 0,
    "notes": "making a node js script for api"
  }
}
