{
  "answers": {
    "phase": "coding",
    "action": "code management",
    "scope": "code management actions",
    "notes": "Refactored MongoDB import logic into a reusable block.",
    "target": "java",
    "aimodel": "chatgpt 4o",
    "tool option": "online free",
    "experience with tool": 4,
    "time allocated (h)": "0.3",
    "time saved estimate (h)": "0.7",
    "quality of ai help": 4,
    "knowledge acquired": 3,
    "generic feeling - now": 4,
    "generic feeling - future": 5,
    "threat level": 1,
    "action experience": 4
  }
}
