{
  "answers": {
    "phase": "deployment",
    "action": "container operations",
    "scope": "deployment scripts",
    "notes": "Helped delay initialization until Mongo and RabbitMQ were ready.",
    "target": "shell",
    "aimodel": "chatgpt 4o",
    "tool option": "online free",
    "experience with tool": 5,
    "time allocated (h)": "0.25",
    "time saved estimate (h)": "1",
    "quality of ai help": 5,
    "knowledge acquired": 5,
    "generic feeling - now": 5,
    "generic feeling - future": 5,
    "threat level": 0,
    "action experience": 4
  }
}
