{
  "answers": {
    "phase": "design",
    "action": "design decision",
    "scope": "frontend",
    "notes": "Used modal with autofill to improve review submission UX.",
    "target": "md",
    "aimodel": "chatgpt o1",
    "tool option": "online free",
    "experience with tool": 2,
    "time allocated (h)": "0.5",
    "time saved estimate (h)": "1.8",
    "quality of ai help": 4,
    "knowledge acquired": 4,
    "generic feeling - now": 3,
    "generic feeling - future": 4,
    "threat level": 1,
    "action experience": 2
  }
}
