{
  "answers": {
    "phase": "coding",
    "action": "code management",
    "scope": "code management actions",
    "notes": "Got help adapting docker cp + exec for Windows batch automation.",
    "target": "java",
    "aimodel": "chatgpt 4o",
    "tool option": "online free",
    "experience with tool": 3,
    "time allocated (h)": "0.4",
    "time saved estimate (h)": "1.2",
    "quality of ai help": 5,
    "knowledge acquired": 4,
    "generic feeling - now": 5,
    "generic feeling - future": 5,
    "threat level": 0,
    "action experience": 4
  }
}
