{
  "answers": {
    "phase": "design",
    "action": "design decision",
    "scope": "frontend",
    "notes": "Used tabbed layout to reduce clutter and guide user flow.",
    "target": "md",
    "aimodel": "chatgpt o1",
    "tool option": "online free",
    "experience with tool": 3,
    "time allocated (h)": "0.3",
    "time saved estimate (h)": "1.5",
    "quality of ai help": 4,
    "knowledge acquired": 4,
    "generic feeling - now": 4,
    "generic feeling - future": 4,
    "threat level": 0,
    "action experience": 2
  }
}
