{
  "answers": {
    "phase": "coding",
    "action": "code management",
    "scope": "frontend",
    "action experience": 2,
    "target": "typescript",
    "aimodel": "claude 3.7 sonnet",
    "tool option": "online full",
    "experience with tool": 4,
    "time allocated (h)": "0.1",
    "time saved estimate (h)": "1",
    "quality of ai help": 3,
    "knowledge acquired": 0,
    "generic feeling - now": 2,
    "generic feeling - future": 1,
    "threat level": 2,
    "notes": "Nearly did as good a job. Not good!"
  }
}