{
  "answers": {
    "phase": "coding",
    "action": "code management",
    "scope": "code management actions",
    "notes": "Helped separate core logic and create platform-specific wrappers.",
    "target": "java",
    "aimodel": "chatgpt 4o",
    "tool option": "online full",
    "experience with tool": 5,
    "time allocated (h)": "0.3",
    "time saved estimate (h)": "1.5",
    "quality of ai help": 5,
    "knowledge acquired": 5,
    "generic feeling - now": 5,
    "generic feeling - future": 5,
    "threat level": 1,
    "action experience": 4
  }
}
