{
  "answers": {
    "phase": "design",
    "action": "design decision",
    "scope": "uml other",
    "action experience": 4,
    "target": "n/a",
    "aimodel": "chatgpt 4o",
    "tool option": "online free",
    "experience with tool": 5,
    "time allocated (h)": "1",
    "time saved estimate (h)": "2",
    "quality of ai help": 4,
    "knowledge acquired": 4,
    "generic feeling - now": 3,
    "generic feeling - future": 4,
    "threat level": 2,
    "notes": "design for deployment diagram"
  }
}