{
  "answers": {
    "phase":
      "coding",
    "action":
      "code management",
    "scope":
      "code management actions",
    "action experience": 4,
    "target":
      "shell",
    "aimodel":
      "chatgpt 4o",
    "tool option": "online free",
    "experience with tool": 5,
    "time allocated (h)": "0.1",
    "time saved estimate (h)": "1",
    "quality of ai help": 4,
    "knowledge acquired": 2,
    "generic feeling - now": 3,
    "generic feeling - future": 4,
    "threat level": 0,
    "notes": "turnig a .sh script to .bat"
  }
}
