{
  "answers": {
    "phase": "architecture",
    "action": "architectural decision",
    "scope": "uml class",
    "action experience": 4,
    "target": "microservices",
    "aimodel": "chatgpt 4o",
    "tool option": "online free",
    "experience with tool": 5,
    "time allocated (h)": "1",
    "time saved estimate (h)": "4",
    "quality of ai help": 4,
    "knowledge acquired": 1,
    "generic feeling - now": 2,
    "generic feeling - future": 1,
    "threat level": 4,
    "notes": "trying to enhance class diagram"
  }
}