{
  "answers": {
    "phase": "coding",
    "action": "code management",
    "scope": "code management actions",
    "action experience": 0,
    "target": "js / node",
    "aimodel": "chatgpt 4o",
    "tool option": "online free",
    "experience with tool": 5,
    "time allocated (h)": "0.1",
    "time saved estimate (h)": "10",
    "quality of ai help": 5,
    "knowledge acquired": 5,
    "generic feeling - now": 5,
    "generic feeling - future": 2,
    "threat level": 0,
    "notes": "helped get some serious knowledge on how things run on servers and websites...this log will be very useful for the safety of the app in the future"
  }
}