{
  "answers": {
    "phase":
      "coding",
    "action":
      "code management",
    "scope":
      "code management actions",
    "action experience": 4,
    "target":
      "shell",
    "aimodel":
      "chatgpt 4o",
    "tool option": "online free",
    "experience with tool": 5,
    "time allocated (h)": "0.5",
    "time saved estimate (h)": "0.5",
    "quality of ai help": 3,
    "knowledge acquired": 2,
    "generic feeling - now": 4,
    "generic feeling - future": 4,
    "threat level": 0,
    "notes": "turning .sh script to .bat and making some other scripts"
  }
}
