{
  "answers": {
    "phase": "design",
    "action": "design decision",
    "scope": "frontend",
    "notes": "Adopted tooltip-enhanced table for clarity on detailed scores.",
    "target": "md",
    "aimodel": "chatgpt o1",
    "tool option": "online free",
    "experience with tool": 4,
    "time allocated (h)": "0.4",
    "time saved estimate (h)": "1.5",
    "quality of ai help": 5,
    "knowledge acquired": 5,
    "generic feeling - now": 5,
    "generic feeling - future": 5,
    "threat level": 0,
    "action experience": 2
  }
}
