{
  "answers": {
    "phase": "requirements specification",
    "action": "use case specification",
    "scope": "UX design",
    "action experience": 1,
    "target": "n/a",
    "aimodel": "deepseek R1",
    "tool option": "online free",
    "experience with tool": 5,
    "time allocated (h)": "0.1",
    "time saved estimate (h)": "2",
    "quality of ai help": 3,
    "knowledge acquired": 5,
    "generic feeling - now": 5,
    "generic feeling - future": 5,
    "threat level": 2,
    "notes": "helped me extract from the srs info for what i need to provide on front end and generally how the app needs to operate"
  }
}