{
  "answers": {
    "phase": "deployment",
    "action": "container operations",
    "scope": "deployment scripts",
    "notes": "Learned best practices for container DB exposure.",
    "target": "shell",
    "aimodel": "chatgpt 4o",
    "tool option": "online free",
    "experience with tool": 5,
    "time allocated (h)": "0.2",
    "time saved estimate (h)": "0.6",
    "quality of ai help": 4,
    "knowledge acquired": 5,
    "generic feeling - now": 4,
    "generic feeling - future": 5,
    "threat level": 1,
    "action experience": 4
  }
}
