{
  "answers": {
    "phase":
      "deployment",
    "action":
      "deployment",
    "scope":
      "deployment scripts",
    "action experience": 1,
    "target":
      "yaml/json",
    "aimodel":
      "chatgpt 4o",
    "tool option": "online free",
    "experience with tool":  5,
    "time allocated (h)": "2",
    "time saved estimate (h)": "0.5",
    "quality of ai help": 2,
    "knowledge acquired": 2,
    "generic feeling - now": 2,
    "generic feeling - future": 3,
    "threat level": 0,
    "notes": "trying to figure out how docker works and installation"
  }
}
