{
  "answers": {
    "phase": "coding",
    "action": "code management",
    "scope": "code management actions",
    "action experience": 0,
    "target": "typescript",
    "aimodel": "deepseek R1",
    "tool option": "open source",
    "experience with tool": 5,
    "time allocated (h)": "0.5",
    "time saved estimate (h)": "3.5",
    "quality of ai help": 3,
    "knowledge acquired": 3,
    "generic feeling - now": 4,
    "generic feeling - future": 4,
    "threat level": 0,
    "notes": "helped me understand the concept of javascript."
  }
}