{
  "answers": {
    "phase":
      "deployment",
    "action":
      "deployment",
    "scope":
      "deployment scripts",
    "action experience": 1,
    "target":
      "shell",
    "aimodel":
      "chatgpt 4o",
    "tool option": "online free",
    "experience with tool":  5,
    "time allocated (h)": "0.5",
    "time saved estimate (h)": "0.5",
    "quality of ai help": 2,
    "knowledge acquired":  3,
    "generic feeling - now":  3,
    "generic feeling - future": 3,
    "threat level": 0,
    "notes": "dockerizing js api"
  }
}
